episode,reward,collisions,completion,steps,mean_inter_agent_distance,coordination_score,synchronization_score
1,4.442487332224822,0,0,200,2.5713449370861055,0.7023836530435625,0.4021128087231255
2,-0.39988530129193434,7,0,200,2.765456163473427,0.6544283858662441,0.42268232762167374
