{
  "model": "PPO (CTDE)",
  "steps_run": 10,
  "target": [
    -0.3172110915184021,
    0.1022183746099472
  ],
  "trace": [
    {
      "t": 1,
      "input": {
        "mean_distance": 0.9381351470947266,
        "distances": [
          0.8937679529190063,
          0.9825024008750916
        ]
      },
      "action": [
        [
          -0.1573084443807602,
          -0.09162618219852448
        ],
        [
          0.34972164034843445,
          0.02226703055202961
        ]
      ],
      "next": {
        "mean_distance": 0.9394310116767883,
        "distances": [
          0.8970713019371033,
          0.9817907214164734
        ],
        "reward": -0.001,
        "collision": false,
        "task_completed": false,
        "done": false
      }
    },
    {
      "t": 2,
      "input": {
        "mean_distance": 0.9394310116767883,
        "distances": [
          0.8970713019371033,
          0.9817907214164734
        ]
      },
      "action": [
        [
          -0.16343533992767334,
          -0.09266617149114609
        ],
        [
          0.3405732214450836,
          0.022658314555883408
        ]
      ],
      "next": {
        "mean_distance": 0.9380687475204468,
        "distances": [
          0.8976604342460632,
          0.9784770011901855
        ],
        "reward": 0.0003622939586639404,
        "collision": false,
        "task_completed": false,
        "done": false
      }
    },
    {
      "t": 3,
      "input": {
        "mean_distance": 0.9380687475204468,
        "distances": [
          0.8976604342460632,
          0.9784770011901855
        ]
      },
      "action": [
        [
          -0.1673387587070465,
          -0.09319642931222916
        ],
        [
          0.3294927775859833,
          0.02167271263897419
        ]
      ],
      "next": {
        "mean_distance": 0.9342771768569946,
        "distances": [
          0.895514965057373,
          0.973039448261261
        ],
        "reward": 0.002791511058807373,
        "collision": false,
        "task_completed": false,
        "done": false
      }
    },
    {
      "t": 4,
      "input": {
        "mean_distance": 0.9342771768569946,
        "distances": [
          0.895514965057373,
          0.973039448261261
        ]
      },
      "action": [
        [
          -0.16964519023895264,
          -0.0932747945189476
        ],
        [
          0.31720662117004395,
          0.021285057067871094
        ]
      ],
      "next": {
        "mean_distance": 0.9283591508865356,
        "distances": [
          0.8906651735305786,
          0.9660531878471375
        ],
        "reward": 0.004918025970458984,
        "collision": false,
        "task_completed": false,
        "done": false
      }
    },
    {
      "t": 5,
      "input": {
        "mean_distance": 0.9283591508865356,
        "distances": [
          0.8906651735305786,
          0.9660531878471375
        ]
      },
      "action": [
        [
          -0.17048092186450958,
          -0.09322337806224823
        ],
        [
          0.30266228318214417,
          0.02134164422750473
        ]
      ],
      "next": {
        "mean_distance": 0.9206875562667847,
        "distances": [
          0.8831906914710999,
          0.9581843614578247
        ],
        "reward": 0.006671654224395752,
        "collision": false,
        "task_completed": false,
        "done": false
      }
    },
    {
      "t": 6,
      "input": {
        "mean_distance": 0.9206875562667847,
        "distances": [
          0.8831906914710999,
          0.9581843614578247
        ]
      },
      "action": [
        [
          -0.16805405914783478,
          -0.09198763966560364
        ],
        [
          0.2867909073829651,
          0.021100930869579315
        ]
      ],
      "next": {
        "mean_distance": 0.9117001295089722,
        "distances": [
          0.8732478022575378,
          0.9501525163650513
        ],
        "reward": 0.007987367153167724,
        "collision": false,
        "task_completed": false,
        "done": false
      }
    },
    {
      "t": 7,
      "input": {
        "mean_distance": 0.9117001295089722,
        "distances": [
          0.8732478022575378,
          0.9501525163650513
        ]
      },
      "action": [
        [
          -0.16296477615833282,
          -0.08765634149312973
        ],
        [
          0.2690630555152893,
          0.019943643361330032
        ]
      ],
      "next": {
        "mean_distance": 0.9018735885620117,
        "distances": [
          0.8610453009605408,
          0.9427019357681274
        ],
        "reward": 0.008826540946960448,
        "collision": false,
        "task_completed": false,
        "done": false
      }
    },
    {
      "t": 8,
      "input": {
        "mean_distance": 0.9018735885620117,
        "distances": [
          0.8610453009605408,
          0.9427019357681274
        ]
      },
      "action": [
        [
          -0.15635693073272705,
          -0.08195933699607849
        ],
        [
          0.2497732937335968,
          0.01794704794883728
        ]
      ],
      "next": {
        "mean_distance": 0.8916997909545898,
        "distances": [
          0.846827507019043,
          0.9365721344947815
        ],
        "reward": 0.009173797607421874,
        "collision": false,
        "task_completed": false,
        "done": false
      }
    },
    {
      "t": 9,
      "input": {
        "mean_distance": 0.8916997909545898,
        "distances": [
          0.846827507019043,
          0.9365721344947815
        ]
      },
      "action": [
        [
          -0.14878258109092712,
          -0.07626032829284668
        ],
        [
          0.22904837131500244,
          0.014938018284738064
        ]
      ],
      "next": {
        "mean_distance": 0.8816639184951782,
        "distances": [
          0.8308684825897217,
          0.9324593544006348
        ],
        "reward": 0.009035902261734008,
        "collision": false,
        "task_completed": false,
        "done": false
      }
    },
    {
      "t": 10,
      "input": {
        "mean_distance": 0.8816639184951782,
        "distances": [
          0.8308684825897217,
          0.9324593544006348
        ]
      },
      "action": [
        [
          -0.1404150277376175,
          -0.07053495198488235
        ],
        [
          0.2071647346019745,
          0.013290539383888245
        ]
      ],
      "next": {
        "mean_distance": 0.8722448945045471,
        "distances": [
          0.8134667873382568,
          0.9310230016708374
        ],
        "reward": 0.008419023990631103,
        "collision": false,
        "task_completed": false,
        "done": false
      }
    }
  ]
}