algo,reward_mean,success_rate,collision_rate,avg_steps
ppo_ctde,29.808481216430664,0.8999999761581421,0.23999999463558197,44.79999923706055
sac,5.970651626586914,0.11999999731779099,0.0,176.24000549316406
