episode,reward,collisions,completion,steps
1,-0.20000000949949026,0,0,200
2,-0.20000000949949026,0,0,200
3,-2.1999999369727448,3,0,200
4,-0.20000000949949026,0,0,200
5,-0.20000000949949026,0,0,200
