episode,reward,collisions,completion,steps
1,35.32515606842935,0,1,22
2,40.967400910216384,0,0,200
3,23.1160345710814,0,1,5
4,14.841235959087498,0,0,200
5,21.999000549316406,0,1,1
6,18.908577844893443,0,0,200
7,21.011489868164062,0,1,1
8,38.36309671786148,0,0,200
9,22.254965456202626,0,1,9
10,10.06543122381845,0,0,200
11,17.815528365434147,0,0,200
12,61.90386059046432,0,1,72
13,21.05990243330598,0,1,3
14,12.97116857439687,0,0,200
15,1.8000000163447112,0,0,200
16,-0.09923251684085699,0,0,200
