episode,reward,collisions,completion,steps
1,-1.567826957325451,1,0,200
2,5.806745192967355,0,0,200
3,2.237326927317554,0,0,200
4,-2.0517075961106457,3,0,200
5,10.338657231339312,21,0,200
