episode,reward,collisions,completion,steps
1,21.018312454223633,0,1,1
2,21.85267762094736,0,1,19
3,0.36735646618762985,0,0,200
4,0.5656382982269861,0,0,200
5,-0.05232735478784889,0,0,200
6,21.010557174682617,0,1,1
7,1.6026806884910911,0,0,200
8,-0.18938859459012747,0,0,200
