episode,reward,collisions,completion,steps
1,0.09783766930922866,0,0,200
2,-0.19270651665283367,0,0,200
3,-2.1585112299071625,3,0,200
4,0.14434488779806998,0,0,200
5,-0.17883185192476958,0,0,200
