episode,reward,collisions,completion,steps
1,-0.14567433996126056,0,0,200
2,-0.10137783691243385,0,0,200
3,0.034760273061692715,0,0,200
4,-0.09574540636094753,0,0,200
5,0.6932731739289011,0,0,200
