episode,reward,collisions,completion,steps,mean_inter_agent_distance,coordination_score,synchronization_score
1,-0.0015385667483014034,0,0,200,1.0017864865312973,0.9118699908138497,0.7730363668449676
2,-1.9136348585287561,33,0,200,1.7555348164526126,0.7260082514053192,0.2970692636127223
