experiment,setup,agents,reward,success_rate,collision_rate,avg_steps
Exp1_AgentsScaling,agents=1,1,24.29033660888672,0.23999999463558197,0.0,172.25999450683594
Exp1_AgentsScaling,agents=2,2,-0.4888402223587036,0.019999999552965164,1.0,196.60000610351562
Exp1_AgentsScaling,agents=3,3,-0.21741873025894165,0.0,0.25999999046325684,200.0
Exp2_RewardAblation,without_shaping,2,0.04379989951848984,0.019999999552965164,0.07999999821186066,196.1999969482422
Exp2_RewardAblation,with_shaping,2,-0.4888402223587036,0.019999999552965164,1.0,196.60000610351562
Exp3_CriticComparison,default,2,11.468095779418945,0.0,0.23999999463558197,200.0
Exp3_CriticComparison,ctde,2,-0.4888402223587036,0.019999999552965164,1.0,196.60000610351562
