{
  "episodes": [
    1,
    2,
    3,
    4,
    5,
    6,
    7,
    8,
    9,
    10,
    11,
    12,
    13,
    14,
    15,
    16,
    17,
    18,
    19,
    20,
    21,
    22,
    23,
    24,
    25,
    26,
    27,
    28,
    29,
    30,
    31,
    32,
    33,
    34,
    35,
    36,
    37,
    38,
    39,
    40,
    41,
    42,
    43,
    44,
    45,
    46,
    47,
    48,
    49,
    50
  ],
  "reward": [
    32.50544900619984,
    38.39374763488767,
    23.119022112607954,
    36.27343026065827,
    22.006422395050524,
    33.32551327374578,
    20.999863164663314,
    32.72310018575192,
    22.24928533887863,
    26.36629461014271,
    23.149889783382413,
    58.371761682748826,
    23.0634317946434,
    34.78043454527855,
    31.0682340785265,
    40.85799891269207,
    63.33656333160401,
    41.651222373604796,
    7.678572672605478,
    28.61426468384266,
    25.456460608601567,
    -3.8511546671390327,
    23.441358006715774,
    22.290218880176543,
    22.39150871801376,
    27.27572727870941,
    42.44148269069194,
    85.5075930784941,
    24.541036839365958,
    23.906668429851532,
    33.39299494743344,
    20.999,
    -3.249914658069592,
    34.181737272500996,
    30.217963969111445,
    34.04632213425636,
    20.99985101276636,
    23.034182927131653,
    28.59944260239601,
    26.688959392905016,
    23.46596447098255,
    36.314532386899,
    22.18921837878227,
    83.59429192429788,
    29.222662236690525,
    36.20478426969048,
    31.1465156544447,
    4.029397207498502,
    22.000232504844664,
    19.41056307530403
  ],
  "success": [
    1,
    1,
    1,
    1,
    1,
    1,
    1,
    1,
    1,
    1,
    1,
    1,
    1,
    1,
    1,
    1,
    1,
    1,
    0,
    1,
    1,
    0,
    1,
    1,
    1,
    1,
    1,
    1,
    1,
    1,
    1,
    1,
    0,
    1,
    1,
    1,
    1,
    1,
    1,
    0,
    1,
    1,
    1,
    1,
    1,
    1,
    1,
    0,
    1,
    1
  ],
  "collision": [
    0,
    1,
    0,
    0,
    0,
    0,
    0,
    0,
    0,
    0,
    0,
    0,
    0,
    0,
    0,
    0,
    0,
    1,
    1,
    0,
    0,
    1,
    0,
    0,
    0,
    0,
    0,
    1,
    0,
    0,
    1,
    0,
    1,
    0,
    0,
    0,
    0,
    0,
    0,
    1,
    0,
    0,
    0,
    1,
    0,
    1,
    0,
    1,
    0,
    1
  ],
  "steps": [
    56,
    55,
    13,
    16,
    1,
    13,
    1,
    59,
    14,
    16,
    8,
    53,
    5,
    35,
    11,
    54,
    43,
    64,
    200,
    23,
    14,
    200,
    18,
    10,
    17,
    18,
    43,
    102,
    27,
    32,
    55,
    1,
    200,
    14,
    10,
    28,
    1,
    3,
    30,
    200,
    17,
    16,
    18,
    84,
    35,
    64,
    23,
    200,
    1,
    19
  ],
  "success_rate_cum": [
    1.0,
    1.0,
    1.0,
    1.0,
    1.0,
    1.0,
    1.0,
    1.0,
    1.0,
    1.0,
    1.0,
    1.0,
    1.0,
    1.0,
    1.0,
    1.0,
    1.0,
    1.0,
    0.9473684210526315,
    0.95,
    0.9523809523809523,
    0.9090909090909091,
    0.9130434782608695,
    0.9166666666666666,
    0.92,
    0.9230769230769231,
    0.9259259259259259,
    0.9285714285714286,
    0.9310344827586207,
    0.9333333333333333,
    0.9354838709677419,
    0.9375,
    0.9090909090909091,
    0.9117647058823529,
    0.9142857142857143,
    0.9166666666666666,
    0.918918918918919,
    0.9210526315789473,
    0.9230769230769231,
    0.9,
    0.9024390243902439,
    0.9047619047619048,
    0.9069767441860465,
    0.9090909090909091,
    0.9111111111111111,
    0.9130434782608695,
    0.9148936170212766,
    0.8958333333333334,
    0.8979591836734694,
    0.9
  ],
  "collision_rate_cum": [
    0.0,
    0.5,
    0.3333333333333333,
    0.25,
    0.2,
    0.16666666666666666,
    0.14285714285714285,
    0.125,
    0.1111111111111111,
    0.1,
    0.09090909090909091,
    0.08333333333333333,
    0.07692307692307693,
    0.07142857142857142,
    0.06666666666666667,
    0.0625,
    0.058823529411764705,
    0.1111111111111111,
    0.15789473684210525,
    0.15,
    0.14285714285714285,
    0.18181818181818182,
    0.17391304347826086,
    0.16666666666666666,
    0.16,
    0.15384615384615385,
    0.14814814814814814,
    0.17857142857142858,
    0.1724137931034483,
    0.16666666666666666,
    0.1935483870967742,
    0.1875,
    0.21212121212121213,
    0.20588235294117646,
    0.2,
    0.19444444444444445,
    0.1891891891891892,
    0.18421052631578946,
    0.1794871794871795,
    0.2,
    0.1951219512195122,
    0.19047619047619047,
    0.18604651162790697,
    0.20454545454545456,
    0.2,
    0.21739130434782608,
    0.2127659574468085,
    0.22916666666666666,
    0.22448979591836735,
    0.24
  ],
  "coordination_score": [
    0.9264868377294314,
    0.9064538830756781,
    0.9984298537446002,
    0.7985790240940759,
    0.9701781334165118,
    0.7866944210146902,
    0.9980529418999718,
    0.9569381826429282,
    0.9924807185264338,
    0.9798301698832578,
    0.9950727649179713,
    0.8844887844846844,
    0.9998407880092571,
    0.952495328688995,
    0.9812369274321857,
    0.923290784342414,
    0.8832508430306047,
    0.9509652523133242,
    0.9961422149431997,
    0.9707368825434486,
    0.9432456199633129,
    0.9998111628995882,
    0.9974340964551307,
    0.9959966368498627,
    0.9895344205390131,
    0.9844797879445895,
    0.9840214562226896,
    0.9427923131759577,
    0.9090803981419721,
    0.9636174278171087,
    0.9777751632091054,
    0.9850631663687129,
    0.9976061432325127,
    0.9390169698935223,
    0.7732525587565049,
    0.9961545015523466,
    0.9287892648467698,
    0.9993645684904114,
    0.9686816996465348,
    0.976324469730691,
    0.9966632961608923,
    0.9060646681808879,
    0.9962865923978828,
    0.8103223881483013,
    0.9809770200767169,
    0.9024793253304968,
    0.9837721107041617,
    0.9990764297889878,
    0.9950803367881833,
    0.9985962134672768
  ],
  "synchronization_score": [
    0.893398334853574,
    0.9049659861340305,
    0.9557264306054105,
    0.7213999683270921,
    0.8508291261629035,
    0.6772479254377275,
    0.9576998329255726,
    0.7842162215727032,
    0.9273195250341266,
    0.8887839146962783,
    0.9324156055807721,
    0.9530403467393014,
    0.9938955916555787,
    0.743348590089426,
    0.8712994868282437,
    0.7924546740962882,
    0.9228148499277714,
    0.8065674135672247,
    0.9834823173304916,
    0.8049234852162462,
    0.7807136748869418,
    0.9988796164618385,
    0.9483144206571276,
    0.9569921502784037,
    0.9990578238434284,
    0.9495014035767054,
    0.8103746226897215,
    0.9948927381918939,
    0.7868836527741068,
    0.9716251691287668,
    0.9801594034033416,
    0.8903613836500534,
    0.9963375845446317,
    0.8420284056083479,
    0.6647703435649934,
    0.9219246937292619,
    0.7831501237493834,
    0.9803734989703201,
    0.7907530639401426,
    0.9577081973132056,
    0.9114240910427985,
    0.8406599910210331,
    0.9754738097927891,
    0.6844860722014781,
    0.8698824162457951,
    0.9842298800999693,
    0.8626560344749461,
    0.9992291317789188,
    0.9343057108388063,
    0.9902905028219846
  ],
  "timestamp": "20260323_194325"
}