episode,reward,collisions,completion,steps,mean_inter_agent_distance,coordination_score,synchronization_score
1,32.50544900619984,0,1,56,1.5765225663781166,0.9264868377294314,0.893398334853574
2,38.39374763488767,1,1,55,0.790611923689192,0.9064538830756781,0.9049659861340305
3,23.119022112607954,0,1,13,0.38393831023803127,0.9984298537446002,0.9557264306054105
4,36.27343026065827,0,1,16,1.4174638390541077,0.7985790240940759,0.7213999683270921
5,22.006422395050524,0,1,1,0.780544638633728,0.9701781334165118,0.8508291261629035
