algo,reward_mean,success_rate,collision_rate,avg_steps
ppo_ctde,31.131175994873047,0.9333333373069763,0.1666666716337204,40.70000076293945
sac,5.860276222229004,0.1666666716337204,0.03333333507180214,167.36666870117188
