timesteps,mean_reward,success_rate,collision_rate
2000,37.56793212890625,0.550000011920929,0.10000000149011612
6000,28.452266693115234,0.6000000238418579,0.5
12000,33.30788040161133,0.8500000238418579,0.20000000298023224
