experiment,setup,agents,reward,success_rate,collision_rate,avg_steps
Exp1_AgentsScaling,agents=1,1,21.494220733642578,1.0,0.0,9.9399995803833
Exp1_AgentsScaling,agents=2,2,24.77466583251953,0.800000011920929,0.3199999928474426,51.84000015258789
Exp1_AgentsScaling,agents=3,3,12.722670555114746,0.2800000011920929,0.03999999910593033,145.05999755859375
Exp2_RewardAblation,without_shaping,2,6.665658950805664,0.3400000035762787,0.0,134.33999633789062
Exp2_RewardAblation,with_shaping,2,24.77466583251953,0.800000011920929,0.3199999928474426,51.84000015258789
Exp3_CriticComparison,default,2,26.474355697631836,0.8999999761581421,0.20000000298023224,37.31999969482422
Exp3_CriticComparison,ctde,2,24.77466583251953,0.800000011920929,0.3199999928474426,51.84000015258789
