episode,reward,collisions,completion,steps,mean_inter_agent_distance,coordination_score,synchronization_score
1,-0.20000000000000015,0,0,200,1.387441046088934,0.7733511455802349,0.6960647230210869
2,-0.20000000000000015,0,0,200,1.2752629298716784,0.7370159255380316,0.8253542085192657
