episode,reward,collisions,completion,steps,mean_inter_agent_distance,coordination_score,synchronization_score
1,-0.20000000000000015,0,0,200,1.1680099734663962,0.8043660167752635,0.9952660660700565
2,-0.20000000000000015,0,0,200,2.2527036947011947,0.48752360473222467,0.688025065000041
